filename, language, JSON, YAML, Properties, XML, PHP, JavaScript, Markdown, CSS, SCSS, SVG, HTML, comment, blank, total
c:\laragon\www\cms\.editorconfig, Properties, 0, 0, 12, 0, 0, 0, 0, 0, 0, 0, 0, 0, 4, 16
c:\laragon\www\cms\.gitattributes, Properties, 0, 0, 5, 0, 0, 0, 0, 0, 0, 0, 0, 0, 1, 6
c:\laragon\www\cms\.styleci.yml, YAML, 0, 13, 0, 0, 0, 0, 0, 0, 0, 0, 0, 0, 1, 14
c:\laragon\www\cms\Modules\Lang\Config\config.php, PHP, 0, 0, 0, 0, 4, 0, 0, 0, 0, 0, 0, 0, 2, 6
c:\laragon\www\cms\Modules\Lang\Database\Migrations\2020_02_29_102556_create_langs_table.php, PHP, 0, 0, 0, 0, 21, 0, 0, 0, 0, 0, 0, 10, 4, 35
c:\laragon\www\cms\Modules\Lang\Database\Seeders\LangDatabaseSeeder.php, PHP, 0, 0, 0, 0, 11, 0, 0, 0, 0, 0, 0, 6, 5, 22
c:\laragon\www\cms\Modules\Lang\Entities\Lang.php, PHP, 0, 0, 0, 0, 7, 0, 0, 0, 0, 0, 0, 0, 4, 11
c:\laragon\www\cms\Modules\Lang\Http\Controllers\LangController.php, PHP, 0, 0, 0, 0, 125, 0, 0, 0, 0, 0, 0, 11, 30, 166
c:\laragon\www\cms\Modules\Lang\Http\Utilities\TableData.php, PHP, 0, 0, 0, 0, 20, 0, 0, 0, 0, 0, 0, 8, 2, 30
c:\laragon\www\cms\Modules\Lang\Providers\Hooks\categories.hooks.php, PHP, 0, 0, 0, 0, 29, 0, 0, 0, 0, 0, 0, 0, 11, 40
c:\laragon\www\cms\Modules\Lang\Providers\Hooks\modules\portfolio.hooks.php, PHP, 0, 0, 0, 0, 10, 0, 0, 0, 0, 0, 0, 0, 2, 12
c:\laragon\www\cms\Modules\Lang\Providers\Hooks\modules\testimonials.hooks.php, PHP, 0, 0, 0, 0, 4, 0, 0, 0, 0, 0, 0, 0, 0, 4
c:\laragon\www\cms\Modules\Lang\Providers\Hooks\pages.hooks.php, PHP, 0, 0, 0, 0, 37, 0, 0, 0, 0, 0, 0, 2, 13, 52
c:\laragon\www\cms\Modules\Lang\Providers\Hooks\posts.hooks.php, PHP, 0, 0, 0, 0, 66, 0, 0, 0, 0, 0, 0, 4, 19, 89
c:\laragon\www\cms\Modules\Lang\Providers\LangServiceProvider.php, PHP, 0, 0, 0, 0, 77, 0, 0, 0, 0, 0, 0, 0, 25, 102
c:\laragon\www\cms\Modules\Lang\Providers\RouteServiceProvider.php, PHP, 0, 0, 0, 0, 30, 0, 0, 0, 0, 0, 0, 31, 9, 70
c:\laragon\www\cms\Modules\Lang\Resources\assets\js\app.js, JavaScript, 0, 0, 0, 0, 0, 0, 0, 0, 0, 0, 0, 0, 1, 1
c:\laragon\www\cms\Modules\Lang\Resources\views\create.blade.php, PHP, 0, 0, 0, 0, 60, 0, 0, 0, 0, 0, 0, 0, 7, 67
c:\laragon\www\cms\Modules\Lang\Resources\views\delete.blade.php, PHP, 0, 0, 0, 0, 26, 0, 0, 0, 0, 0, 0, 0, 6, 32
c:\laragon\www\cms\Modules\Lang\Resources\views\edit.blade.php, PHP, 0, 0, 0, 0, 61, 0, 0, 0, 0, 0, 0, 0, 6, 67
c:\laragon\www\cms\Modules\Lang\Resources\views\index.blade.php, PHP, 0, 0, 0, 0, 17, 0, 0, 0, 0, 0, 0, 0, 4, 21
c:\laragon\www\cms\Modules\Lang\Resources\views\partials\categories\left.blade.php, PHP, 0, 0, 0, 0, 20, 0, 0, 0, 0, 0, 0, 0, 3, 23
c:\laragon\www\cms\Modules\Lang\Resources\views\partials\lang-switcher.blade.php, PHP, 0, 0, 0, 0, 26, 0, 0, 0, 0, 0, 0, 3, 8, 37
c:\laragon\www\cms\Modules\Lang\Resources\views\partials\modules\portfolio\bottom.blade.php, PHP, 0, 0, 0, 0, 12, 0, 0, 0, 0, 0, 0, 0, 1, 13
c:\laragon\www\cms\Modules\Lang\Resources\views\partials\modules\portfolio\left.blade.php, PHP, 0, 0, 0, 0, 14, 0, 0, 0, 0, 0, 0, 0, 2, 16
c:\laragon\www\cms\Modules\Lang\Resources\views\partials\modules\portfolio\right.blade.php, PHP, 0, 0, 0, 0, 0, 0, 0, 0, 0, 0, 0, 0, 1, 1
c:\laragon\www\cms\Modules\Lang\Resources\views\partials\modules\testimonials.blade.php, PHP, 0, 0, 0, 0, 14, 0, 0, 0, 0, 0, 0, 0, 2, 16
c:\laragon\www\cms\Modules\Lang\Resources\views\partials\pages\bottom.blade.php, PHP, 0, 0, 0, 0, 5, 0, 0, 0, 0, 0, 0, 0, 0, 5
c:\laragon\www\cms\Modules\Lang\Resources\views\partials\pages\left.blade.php, PHP, 0, 0, 0, 0, 20, 0, 0, 0, 0, 0, 0, 0, 3, 23
c:\laragon\www\cms\Modules\Lang\Resources\views\partials\pages\right.blade.php, PHP, 0, 0, 0, 0, 14, 0, 0, 0, 0, 0, 0, 0, 1, 15
c:\laragon\www\cms\Modules\Lang\Resources\views\partials\posts\bottom.blade.php, PHP, 0, 0, 0, 0, 5, 0, 0, 0, 0, 0, 0, 0, 0, 5
c:\laragon\www\cms\Modules\Lang\Resources\views\partials\posts\left.blade.php, PHP, 0, 0, 0, 0, 20, 0, 0, 0, 0, 0, 0, 0, 3, 23
c:\laragon\www\cms\Modules\Lang\Resources\views\partials\posts\right.blade.php, PHP, 0, 0, 0, 0, 14, 0, 0, 0, 0, 0, 0, 0, 1, 15
c:\laragon\www\cms\Modules\Lang\Routes\api.php, PHP, 0, 0, 0, 0, 5, 0, 0, 0, 0, 0, 0, 10, 3, 18
c:\laragon\www\cms\Modules\Lang\Routes\web.php, PHP, 0, 0, 0, 0, 11, 0, 0, 0, 0, 0, 0, 10, 2, 23
c:\laragon\www\cms\Modules\Lang\composer.json, JSON, 24, 0, 0, 0, 0, 0, 0, 0, 0, 0, 0, 0, 2, 26
c:\laragon\www\cms\Modules\Lang\module.json, JSON, 13, 0, 0, 0, 0, 0, 0, 0, 0, 0, 0, 0, 1, 14
c:\laragon\www\cms\Modules\Lang\package-lock.json, JSON, 9441, 0, 0, 0, 0, 0, 0, 0, 0, 0, 0, 0, 1, 9442
c:\laragon\www\cms\Modules\Lang\package.json, JSON, 17, 0, 0, 0, 0, 0, 0, 0, 0, 0, 0, 0, 1, 18
c:\laragon\www\cms\Modules\Lang\webpack.mix.js, JavaScript, 0, 0, 0, 0, 0, 7, 0, 0, 0, 0, 0, 0, 3, 10
c:\laragon\www\cms\Modules\Portfolio\Config\config.php, PHP, 0, 0, 0, 0, 4, 0, 0, 0, 0, 0, 0, 0, 2, 6
c:\laragon\www\cms\Modules\Portfolio\Database\Migrations\2020_03_03_190559_create_portfolio_items_table.php, PHP, 0, 0, 0, 0, 27, 0, 0, 0, 0, 0, 0, 10, 8, 45
c:\laragon\www\cms\Modules\Portfolio\Database\Migrations\2020_03_03_194118_create_portfolio_pictures.php, PHP, 0, 0, 0, 0, 19, 0, 0, 0, 0, 0, 0, 10, 4, 33
c:\laragon\www\cms\Modules\Portfolio\Database\Seeders\PortfolioDatabaseSeeder.php, PHP, 0, 0, 0, 0, 11, 0, 0, 0, 0, 0, 0, 6, 5, 22
c:\laragon\www\cms\Modules\Portfolio\Entities\PortfolioItem.php, PHP, 0, 0, 0, 0, 41, 0, 0, 0, 0, 0, 0, 2, 12, 55
c:\laragon\www\cms\Modules\Portfolio\Entities\PortfolioItemPicture.php, PHP, 0, 0, 0, 0, 8, 0, 0, 0, 0, 0, 0, 0, 4, 12
c:\laragon\www\cms\Modules\Portfolio\Events\PortfolioItemCreateEvent.php, PHP, 0, 0, 0, 0, 14, 0, 0, 0, 0, 0, 0, 11, 6, 31
c:\laragon\www\cms\Modules\Portfolio\Events\PortfolioItemDestroyEvent.php, PHP, 0, 0, 0, 0, 14, 0, 0, 0, 0, 0, 0, 11, 6, 31
c:\laragon\www\cms\Modules\Portfolio\Events\PortfolioItemUpdateEvent.php, PHP, 0, 0, 0, 0, 14, 0, 0, 0, 0, 0, 0, 0, 6, 20
c:\laragon\www\cms\Modules\Portfolio\Http\Controllers\PortfolioApiController.php, PHP, 0, 0, 0, 0, 35, 0, 0, 0, 0, 0, 0, 29, 13, 77
c:\laragon\www\cms\Modules\Portfolio\Http\Controllers\PortfolioController.php, PHP, 0, 0, 0, 0, 72, 0, 0, 0, 0, 0, 0, 4, 27, 103
c:\laragon\www\cms\Modules\Portfolio\Http\Utilities\TableData.php, PHP, 0, 0, 0, 0, 29, 0, 0, 0, 0, 0, 0, 0, 2, 31
c:\laragon\www\cms\Modules\Portfolio\Listeners\PortfolioItemUpdateThumbnailListener.php, PHP, 0, 0, 0, 0, 19, 0, 0, 0, 0, 0, 0, 0, 5, 24
c:\laragon\www\cms\Modules\Portfolio\Providers\PortfolioServiceProvider.php, PHP, 0, 0, 0, 0, 58, 0, 0, 0, 0, 0, 0, 35, 14, 107
c:\laragon\www\cms\Modules\Portfolio\Providers\RouteServiceProvider.php, PHP, 0, 0, 0, 0, 30, 0, 0, 0, 0, 0, 0, 31, 9, 70
c:\laragon\www\cms\Modules\Portfolio\Resources\assets\js\app.js, JavaScript, 0, 0, 0, 0, 0, 0, 0, 0, 0, 0, 0, 0, 1, 1
c:\laragon\www\cms\Modules\Portfolio\Resources\assets\sass\app.scss, SCSS, 0, 0, 0, 0, 0, 0, 0, 0, 0, 0, 0, 0, 1, 1
c:\laragon\www\cms\Modules\Portfolio\Resources\views\create.blade.php, PHP, 0, 0, 0, 0, 125, 0, 0, 0, 0, 0, 0, 0, 23, 148
c:\laragon\www\cms\Modules\Portfolio\Resources\views\edit.blade.php, PHP, 0, 0, 0, 0, 154, 0, 0, 0, 0, 0, 0, 0, 29, 183
c:\laragon\www\cms\Modules\Portfolio\Resources\views\index.blade.php, PHP, 0, 0, 0, 0, 16, 0, 0, 0, 0, 0, 0, 0, 3, 19
c:\laragon\www\cms\Modules\Portfolio\Routes\api.php, PHP, 0, 0, 0, 0, 3, 0, 0, 0, 0, 0, 0, 0, 2, 5
c:\laragon\www\cms\Modules\Portfolio\Routes\web.php, PHP, 0, 0, 0, 0, 10, 0, 0, 0, 0, 0, 0, 0, 2, 12
c:\laragon\www\cms\Modules\Portfolio\composer.json, JSON, 24, 0, 0, 0, 0, 0, 0, 0, 0, 0, 0, 0, 2, 26
c:\laragon\www\cms\Modules\Portfolio\module.json, JSON, 13, 0, 0, 0, 0, 0, 0, 0, 0, 0, 0, 0, 1, 14
c:\laragon\www\cms\Modules\Portfolio\package.json, JSON, 17, 0, 0, 0, 0, 0, 0, 0, 0, 0, 0, 0, 1, 18
c:\laragon\www\cms\Modules\Portfolio\webpack.mix.js, JavaScript, 0, 0, 0, 0, 0, 8, 0, 0, 0, 0, 0, 0, 3, 11
c:\laragon\www\cms\Modules\Testimonials\Config\config.php, PHP, 0, 0, 0, 0, 4, 0, 0, 0, 0, 0, 0, 0, 2, 6
c:\laragon\www\cms\Modules\Testimonials\Database\Migrations\2020_03_03_162101_create_testimonials_table.php, PHP, 0, 0, 0, 0, 22, 0, 0, 0, 0, 0, 0, 10, 4, 36
c:\laragon\www\cms\Modules\Testimonials\Database\Seeders\TestimonialsDatabaseSeeder.php, PHP, 0, 0, 0, 0, 11, 0, 0, 0, 0, 0, 0, 6, 5, 22
c:\laragon\www\cms\Modules\Testimonials\Entities\Testimonial.php, PHP, 0, 0, 0, 0, 19, 0, 0, 0, 0, 0, 0, 2, 8, 29
c:\laragon\www\cms\Modules\Testimonials\Http\Controllers\TestimonialsApiController.php, PHP, 0, 0, 0, 0, 34, 0, 0, 0, 0, 0, 0, 37, 10, 81
c:\laragon\www\cms\Modules\Testimonials\Http\Controllers\TestimonialsController.php, PHP, 0, 0, 0, 0, 62, 0, 0, 0, 0, 0, 0, 5, 24, 91
c:\laragon\www\cms\Modules\Testimonials\Http\Utilities\TableData.php, PHP, 0, 0, 0, 0, 26, 0, 0, 0, 0, 0, 0, 2, 2, 30
c:\laragon\www\cms\Modules\Testimonials\Providers\RouteServiceProvider.php, PHP, 0, 0, 0, 0, 30, 0, 0, 0, 0, 0, 0, 31, 9, 70
c:\laragon\www\cms\Modules\Testimonials\Providers\TestimonialsServiceProvider.php, PHP, 0, 0, 0, 0, 58, 0, 0, 0, 0, 0, 0, 35, 14, 107
c:\laragon\www\cms\Modules\Testimonials\Resources\assets\js\app.js, JavaScript, 0, 0, 0, 0, 0, 0, 0, 0, 0, 0, 0, 0, 1, 1
c:\laragon\www\cms\Modules\Testimonials\Resources\assets\sass\app.scss, SCSS, 0, 0, 0, 0, 0, 0, 0, 0, 0, 0, 0, 0, 1, 1
c:\laragon\www\cms\Modules\Testimonials\Resources\views\create.blade.php, PHP, 0, 0, 0, 0, 47, 0, 0, 0, 0, 0, 0, 0, 10, 57
c:\laragon\www\cms\Modules\Testimonials\Resources\views\delete.blade.php, PHP, 0, 0, 0, 0, 26, 0, 0, 0, 0, 0, 0, 0, 6, 32
c:\laragon\www\cms\Modules\Testimonials\Resources\views\edit.blade.php, PHP, 0, 0, 0, 0, 47, 0, 0, 0, 0, 0, 0, 0, 11, 58
c:\laragon\www\cms\Modules\Testimonials\Resources\views\index.blade.php, PHP, 0, 0, 0, 0, 19, 0, 0, 0, 0, 0, 0, 0, 4, 23
c:\laragon\www\cms\Modules\Testimonials\Routes\api.php, PHP, 0, 0, 0, 0, 3, 0, 0, 0, 0, 0, 0, 0, 3, 6
c:\laragon\www\cms\Modules\Testimonials\Routes\web.php, PHP, 0, 0, 0, 0, 9, 0, 0, 0, 0, 0, 0, 0, 2, 11
c:\laragon\www\cms\Modules\Testimonials\composer.json, JSON, 24, 0, 0, 0, 0, 0, 0, 0, 0, 0, 0, 0, 2, 26
c:\laragon\www\cms\Modules\Testimonials\module.json, JSON, 13, 0, 0, 0, 0, 0, 0, 0, 0, 0, 0, 0, 1, 14
c:\laragon\www\cms\Modules\Testimonials\package.json, JSON, 17, 0, 0, 0, 0, 0, 0, 0, 0, 0, 0, 0, 1, 18
c:\laragon\www\cms\Modules\Testimonials\webpack.mix.js, JavaScript, 0, 0, 0, 0, 0, 8, 0, 0, 0, 0, 0, 0, 3, 11
c:\laragon\www\cms\Modules\UserCustomFields\Config\config.php, PHP, 0, 0, 0, 0, 6, 0, 0, 0, 0, 0, 0, 0, 2, 8
c:\laragon\www\cms\Modules\UserCustomFields\Database\Migrations\2020_02_19_123941_create_user_custom_fields_table.php, PHP, 0, 0, 0, 0, 22, 0, 0, 0, 0, 0, 0, 10, 4, 36
c:\laragon\www\cms\Modules\UserCustomFields\Database\Seeders\UserCustomFieldsDatabaseSeeder.php, PHP, 0, 0, 0, 0, 11, 0, 0, 0, 0, 0, 0, 6, 5, 22
c:\laragon\www\cms\Modules\UserCustomFields\Entities\UserCustomField.php, PHP, 0, 0, 0, 0, 7, 0, 0, 0, 0, 0, 0, 0, 4, 11
c:\laragon\www\cms\Modules\UserCustomFields\Http\Controllers\UserCustomFieldsController.php, PHP, 0, 0, 0, 0, 48, 0, 0, 0, 0, 0, 0, 35, 12, 95
c:\laragon\www\cms\Modules\UserCustomFields\Http\Requests\FieldRequest.php, PHP, 0, 0, 0, 0, 19, 0, 0, 0, 0, 0, 0, 10, 5, 34
c:\laragon\www\cms\Modules\UserCustomFields\Providers\HooksProvider.php, PHP, 0, 0, 0, 0, 15, 0, 0, 0, 0, 0, 0, 0, 3, 18
c:\laragon\www\cms\Modules\UserCustomFields\Providers\RouteServiceProvider.php, PHP, 0, 0, 0, 0, 30, 0, 0, 0, 0, 0, 0, 31, 9, 70
c:\laragon\www\cms\Modules\UserCustomFields\Providers\UserCustomFieldsServiceProvider.php, PHP, 0, 0, 0, 0, 60, 0, 0, 0, 0, 0, 0, 35, 16, 111
c:\laragon\www\cms\Modules\UserCustomFields\Resources\assets\js\app.js, JavaScript, 0, 0, 0, 0, 0, 0, 0, 0, 0, 0, 0, 0, 1, 1
c:\laragon\www\cms\Modules\UserCustomFields\Resources\assets\sass\app.scss, SCSS, 0, 0, 0, 0, 0, 0, 0, 0, 0, 0, 0, 0, 1, 1
c:\laragon\www\cms\Modules\UserCustomFields\Resources\views\create.blade.php, PHP, 0, 0, 0, 0, 52, 0, 0, 0, 0, 0, 0, 0, 15, 67
c:\laragon\www\cms\Modules\UserCustomFields\Resources\views\edit.blade.php, PHP, 0, 0, 0, 0, 52, 0, 0, 0, 0, 0, 0, 0, 15, 67
c:\laragon\www\cms\Modules\UserCustomFields\Resources\views\index.blade.php, PHP, 0, 0, 0, 0, 26, 0, 0, 0, 0, 0, 0, 0, 4, 30
c:\laragon\www\cms\Modules\UserCustomFields\Resources\views\layouts\master.blade.php, PHP, 0, 0, 0, 0, 16, 0, 0, 0, 0, 0, 0, 0, 4, 20
c:\laragon\www\cms\Modules\UserCustomFields\Routes\api.php, PHP, 0, 0, 0, 0, 5, 0, 0, 0, 0, 0, 0, 10, 3, 18
c:\laragon\www\cms\Modules\UserCustomFields\Routes\web.php, PHP, 0, 0, 0, 0, 8, 0, 0, 0, 0, 0, 0, 10, 1, 19
c:\laragon\www\cms\Modules\UserCustomFields\composer.json, JSON, 24, 0, 0, 0, 0, 0, 0, 0, 0, 0, 0, 0, 2, 26
c:\laragon\www\cms\Modules\UserCustomFields\module.json, JSON, 13, 0, 0, 0, 0, 0, 0, 0, 0, 0, 0, 0, 1, 14
c:\laragon\www\cms\Modules\UserCustomFields\package.json, JSON, 17, 0, 0, 0, 0, 0, 0, 0, 0, 0, 0, 0, 1, 18
c:\laragon\www\cms\Modules\UserCustomFields\webpack.mix.js, JavaScript, 0, 0, 0, 0, 0, 8, 0, 0, 0, 0, 0, 0, 3, 11
c:\laragon\www\cms\README.md, Markdown, 0, 0, 0, 0, 0, 0, 59, 0, 0, 0, 0, 0, 20, 79
c:\laragon\www\cms\_ide_helper.php, PHP, 0, 0, 0, 0, 6280, 0, 0, 0, 0, 0, 0, 13461, 1694, 21435
c:\laragon\www\cms\app\Console\Kernel.php, PHP, 0, 0, 0, 0, 17, 0, 0, 0, 0, 0, 0, 19, 7, 43
c:\laragon\www\cms\app\Dashboard.php, PHP, 0, 0, 0, 0, 7, 0, 0, 0, 0, 0, 0, 0, 4, 11
c:\laragon\www\cms\app\Events\Categories\CategoryCreateEvent.php, PHP, 0, 0, 0, 0, 24, 0, 0, 0, 0, 0, 0, 10, 7, 41
c:\laragon\www\cms\app\Events\Categories\CategoryDestroyEvent.php, PHP, 0, 0, 0, 0, 24, 0, 0, 0, 0, 0, 0, 5, 7, 36
c:\laragon\www\cms\app\Events\Categories\CategoryUpdateEvent.php, PHP, 0, 0, 0, 0, 24, 0, 0, 0, 0, 0, 0, 10, 7, 41
c:\laragon\www\cms\app\Events\Pages\PageCreateEvent.php, PHP, 0, 0, 0, 0, 24, 0, 0, 0, 0, 0, 0, 0, 7, 31
c:\laragon\www\cms\app\Events\Pages\PageDestroyEvent.php, PHP, 0, 0, 0, 0, 22, 0, 0, 0, 0, 0, 0, 0, 7, 29
c:\laragon\www\cms\app\Events\Pages\PageUpdateEvent.php, PHP, 0, 0, 0, 0, 24, 0, 0, 0, 0, 0, 0, 0, 7, 31
c:\laragon\www\cms\app\Events\Posts\PostCreateEvent.php, PHP, 0, 0, 0, 0, 24, 0, 0, 0, 0, 0, 0, 0, 7, 31
c:\laragon\www\cms\app\Events\Posts\PostDestroyEvent.php, PHP, 0, 0, 0, 0, 22, 0, 0, 0, 0, 0, 0, 0, 7, 29
c:\laragon\www\cms\app\Events\Posts\PostUpdateEvent.php, PHP, 0, 0, 0, 0, 24, 0, 0, 0, 0, 0, 0, 5, 7, 36
c:\laragon\www\cms\app\Events\Roles\RoleCreateEvent.php, PHP, 0, 0, 0, 0, 22, 0, 0, 0, 0, 0, 0, 0, 8, 30
c:\laragon\www\cms\app\Events\Roles\RoleDestroyEvent.php, PHP, 0, 0, 0, 0, 22, 0, 0, 0, 0, 0, 0, 5, 7, 34
c:\laragon\www\cms\app\Events\Roles\RoleUpdateEvent.php, PHP, 0, 0, 0, 0, 22, 0, 0, 0, 0, 0, 0, 0, 8, 30
c:\laragon\www\cms\app\Events\Users\UserBlockEvent.php, PHP, 0, 0, 0, 0, 22, 0, 0, 0, 0, 0, 0, 0, 8, 30
c:\laragon\www\cms\app\Events\Users\UserCreateEvent.php, PHP, 0, 0, 0, 0, 24, 0, 0, 0, 0, 0, 0, 0, 8, 32
c:\laragon\www\cms\app\Events\Users\UserDestroyEvent.php, PHP, 0, 0, 0, 0, 22, 0, 0, 0, 0, 0, 0, 0, 8, 30
c:\laragon\www\cms\app\Events\Users\UserNewPasswordEvent.php, PHP, 0, 0, 0, 0, 22, 0, 0, 0, 0, 0, 0, 0, 8, 30
c:\laragon\www\cms\app\Events\Users\UserUpdateEvent.php, PHP, 0, 0, 0, 0, 24, 0, 0, 0, 0, 0, 0, 0, 8, 32
c:\laragon\www\cms\app\Exceptions\Handler.php, PHP, 0, 0, 0, 0, 21, 0, 0, 0, 0, 0, 0, 28, 7, 56
c:\laragon\www\cms\app\File.php, PHP, 0, 0, 0, 0, 8, 0, 0, 0, 0, 0, 0, 0, 4, 12
c:\laragon\www\cms\app\Helpers\DataArrays.php, PHP, 0, 0, 0, 0, 5, 0, 0, 0, 0, 0, 0, 0, 0, 5
c:\laragon\www\cms\app\Helpers\JSON.php, PHP, 0, 0, 0, 0, 8, 0, 0, 0, 0, 0, 0, 0, 1, 9
c:\laragon\www\cms\app\Helpers\ViewHelpers.php, PHP, 0, 0, 0, 0, 16, 0, 0, 0, 0, 0, 0, 0, 2, 18
c:\laragon\www\cms\app\Http\Controllers\Auth\ConfirmPasswordController.php, PHP, 0, 0, 0, 0, 14, 0, 0, 0, 0, 0, 0, 20, 7, 41
c:\laragon\www\cms\app\Http\Controllers\Auth\ForgotPasswordController.php, PHP, 0, 0, 0, 0, 8, 0, 0, 0, 0, 0, 0, 10, 5, 23
c:\laragon\www\cms\app\Http\Controllers\Auth\LoginController.php, PHP, 0, 0, 0, 0, 22, 0, 0, 0, 0, 0, 0, 20, 8, 50
c:\laragon\www\cms\app\Http\Controllers\Auth\RegisterController.php, PHP, 0, 0, 0, 0, 33, 0, 0, 0, 0, 0, 0, 32, 9, 74
c:\laragon\www\cms\app\Http\Controllers\Auth\ResetPasswordController.php, PHP, 0, 0, 0, 0, 10, 0, 0, 0, 0, 0, 0, 15, 6, 31
c:\laragon\www\cms\app\Http\Controllers\Auth\VerificationController.php, PHP, 0, 0, 0, 0, 16, 0, 0, 0, 0, 0, 0, 20, 7, 43
c:\laragon\www\cms\app\Http\Controllers\Controller.php, PHP, 0, 0, 0, 0, 10, 0, 0, 0, 0, 0, 0, 0, 4, 14
c:\laragon\www\cms\app\Http\Controllers\HomeController.php, PHP, 0, 0, 0, 0, 14, 0, 0, 0, 0, 0, 0, 10, 5, 29
c:\laragon\www\cms\app\Http\Controllers\admin\DashboardController.php, PHP, 0, 0, 0, 0, 33, 0, 0, 0, 0, 0, 0, 1, 6, 40
c:\laragon\www\cms\app\Http\Controllers\admin\LogsController.php, PHP, 0, 0, 0, 0, 12, 0, 0, 0, 0, 0, 0, 0, 3, 15
c:\laragon\www\cms\app\Http\Controllers\admin\ModulesController.php, PHP, 0, 0, 0, 0, 22, 0, 0, 0, 0, 0, 0, 0, 6, 28
c:\laragon\www\cms\app\Http\Controllers\admin\PageCategoriesController.php, PHP, 0, 0, 0, 0, 77, 0, 0, 0, 0, 0, 0, 0, 32, 109
c:\laragon\www\cms\app\Http\Controllers\admin\PagesController.php, PHP, 0, 0, 0, 0, 92, 0, 0, 0, 0, 0, 0, 1, 31, 124
c:\laragon\www\cms\app\Http\Controllers\admin\PostCategoriesController.php, PHP, 0, 0, 0, 0, 87, 0, 0, 0, 0, 0, 0, 42, 27, 156
c:\laragon\www\cms\app\Http\Controllers\admin\PostsController.php, PHP, 0, 0, 0, 0, 93, 0, 0, 0, 0, 0, 0, 1, 36, 130
c:\laragon\www\cms\app\Http\Controllers\admin\RolesController.php, PHP, 0, 0, 0, 0, 70, 0, 0, 0, 0, 0, 0, 0, 32, 102
c:\laragon\www\cms\app\Http\Controllers\admin\UsersController.php, PHP, 0, 0, 0, 0, 130, 0, 0, 0, 0, 0, 0, 4, 53, 187
c:\laragon\www\cms\app\Http\Controllers\api\MenusController.php, PHP, 0, 0, 0, 0, 43, 0, 0, 0, 0, 0, 0, 0, 21, 64
c:\laragon\www\cms\app\Http\Controllers\api\PageCategoriesController.php, PHP, 0, 0, 0, 0, 52, 0, 0, 0, 0, 0, 0, 0, 25, 77
c:\laragon\www\cms\app\Http\Controllers\api\PagesController.php, PHP, 0, 0, 0, 0, 55, 0, 0, 0, 0, 0, 0, 0, 22, 77
c:\laragon\www\cms\app\Http\Controllers\api\PostCategoriesController.php, PHP, 0, 0, 0, 0, 53, 0, 0, 0, 0, 0, 0, 0, 24, 77
c:\laragon\www\cms\app\Http\Controllers\api\PostsController.php, PHP, 0, 0, 0, 0, 50, 0, 0, 0, 0, 0, 0, 0, 20, 70
c:\laragon\www\cms\app\Http\Controllers\api\RolesController.php, PHP, 0, 0, 0, 0, 50, 0, 0, 0, 0, 0, 0, 0, 21, 71
c:\laragon\www\cms\app\Http\Controllers\api\UsersController.php, PHP, 0, 0, 0, 0, 67, 0, 0, 0, 0, 0, 0, 0, 27, 94
c:\laragon\www\cms\app\Http\Kernel.php, PHP, 0, 0, 0, 0, 51, 0, 0, 0, 0, 0, 0, 27, 8, 86
c:\laragon\www\cms\app\Http\Middleware\AccessMiddleware.php, PHP, 0, 0, 0, 0, 26, 0, 0, 0, 0, 0, 0, 7, 3, 36
c:\laragon\www\cms\app\Http\Middleware\Authenticate.php, PHP, 0, 0, 0, 0, 12, 0, 0, 0, 0, 0, 0, 6, 4, 22
c:\laragon\www\cms\app\Http\Middleware\CheckForMaintenanceMode.php, PHP, 0, 0, 0, 0, 8, 0, 0, 0, 0, 0, 0, 6, 4, 18
c:\laragon\www\cms\app\Http\Middleware\CorsMiddleware.php, PHP, 0, 0, 0, 0, 63, 0, 0, 0, 0, 0, 0, 31, 27, 121
c:\laragon\www\cms\app\Http\Middleware\EncryptCookies.php, PHP, 0, 0, 0, 0, 8, 0, 0, 0, 0, 0, 0, 6, 4, 18
c:\laragon\www\cms\app\Http\Middleware\JwtMiddleware.php, PHP, 0, 0, 0, 0, 24, 0, 0, 0, 0, 0, 0, 7, 4, 35
c:\laragon\www\cms\app\Http\Middleware\RedirectIfAuthenticated.php, PHP, 0, 0, 0, 0, 15, 0, 0, 0, 0, 0, 0, 8, 5, 28
c:\laragon\www\cms\app\Http\Middleware\TrimStrings.php, PHP, 0, 0, 0, 0, 10, 0, 0, 0, 0, 0, 0, 5, 4, 19
c:\laragon\www\cms\app\Http\Middleware\TrustProxies.php, PHP, 0, 0, 0, 0, 9, 0, 0, 0, 0, 0, 0, 10, 5, 24
c:\laragon\www\cms\app\Http\Middleware\VerifyCsrfToken.php, PHP, 0, 0, 0, 0, 9, 0, 0, 0, 0, 0, 0, 11, 5, 25
c:\laragon\www\cms\app\Http\Requests\CategoriesRequest.php, PHP, 0, 0, 0, 0, 36, 0, 0, 0, 0, 0, 0, 10, 8, 54
c:\laragon\www\cms\app\Http\Requests\NewPasswordRequest.php, PHP, 0, 0, 0, 0, 26, 0, 0, 0, 0, 0, 0, 10, 6, 42
c:\laragon\www\cms\app\Http\Requests\PagesRequest.php, PHP, 0, 0, 0, 0, 21, 0, 0, 0, 0, 0, 0, 10, 5, 36
c:\laragon\www\cms\app\Http\Requests\PostsRequest.php, PHP, 0, 0, 0, 0, 21, 0, 0, 0, 0, 0, 0, 10, 5, 36
c:\laragon\www\cms\app\Http\Requests\Users\UsersCreateRequest.php, PHP, 0, 0, 0, 0, 29, 0, 0, 0, 0, 0, 0, 10, 6, 45
c:\laragon\www\cms\app\Http\Requests\Users\UsersEditRequest.php, PHP, 0, 0, 0, 0, 17, 0, 0, 0, 0, 0, 0, 10, 5, 32
c:\laragon\www\cms\app\Http\Resources\CategoryCollection.php, PHP, 0, 0, 0, 0, 24, 0, 0, 0, 0, 0, 0, 6, 5, 35
c:\laragon\www\cms\app\Http\Resources\CategoryResource.php, PHP, 0, 0, 0, 0, 23, 0, 0, 0, 0, 0, 0, 6, 8, 37
c:\laragon\www\cms\app\Http\Resources\PageResource.php, PHP, 0, 0, 0, 0, 31, 0, 0, 0, 0, 0, 0, 6, 6, 43
c:\laragon\www\cms\app\Http\Resources\PostResource.php, PHP, 0, 0, 0, 0, 33, 0, 0, 0, 0, 0, 0, 6, 6, 45
c:\laragon\www\cms\app\Http\Resources\RoleResource.php, PHP, 0, 0, 0, 0, 15, 0, 0, 0, 0, 0, 0, 6, 4, 25
c:\laragon\www\cms\app\Http\Resources\UserResource.php, PHP, 0, 0, 0, 0, 17, 0, 0, 0, 0, 0, 0, 6, 4, 27
c:\laragon\www\cms\app\Http\Utilities\AuthResponse.php, PHP, 0, 0, 0, 0, 46, 0, 0, 0, 0, 0, 0, 0, 8, 54
c:\laragon\www\cms\app\Http\Utilities\CategoryUtilities.php, PHP, 0, 0, 0, 0, 76, 0, 0, 0, 0, 0, 0, 0, 21, 97
c:\laragon\www\cms\app\Http\Utilities\MenuUtilities.php, PHP, 0, 0, 0, 0, 70, 0, 0, 0, 0, 0, 0, 0, 20, 90
c:\laragon\www\cms\app\Http\Utilities\PageUtilities.php, PHP, 0, 0, 0, 0, 51, 0, 0, 0, 0, 0, 0, 0, 14, 65
c:\laragon\www\cms\app\Http\Utilities\PostUtilities.php, PHP, 0, 0, 0, 0, 76, 0, 0, 0, 0, 0, 0, 0, 18, 94
c:\laragon\www\cms\app\Http\Utilities\RoleUtilities.php, PHP, 0, 0, 0, 0, 51, 0, 0, 0, 0, 0, 0, 0, 16, 67
c:\laragon\www\cms\app\Http\Utilities\UserUtilities.php, PHP, 0, 0, 0, 0, 94, 0, 0, 0, 0, 0, 0, 0, 23, 117
c:\laragon\www\cms\app\Listeners\Categories\CategoryCreateLogListener.php, PHP, 0, 0, 0, 0, 21, 0, 0, 0, 0, 0, 0, 0, 7, 28
c:\laragon\www\cms\app\Listeners\Categories\CategoryDestroyLogListener.php, PHP, 0, 0, 0, 0, 21, 0, 0, 0, 0, 0, 0, 0, 6, 27
c:\laragon\www\cms\app\Listeners\Categories\CategoryUpdateLogListener.php, PHP, 0, 0, 0, 0, 21, 0, 0, 0, 0, 0, 0, 0, 7, 28
c:\laragon\www\cms\app\Listeners\Pages\PageCreateLogListener.php, PHP, 0, 0, 0, 0, 20, 0, 0, 0, 0, 0, 0, 0, 8, 28
c:\laragon\www\cms\app\Listeners\Pages\PageDestroyLogListener.php, PHP, 0, 0, 0, 0, 21, 0, 0, 0, 0, 0, 0, 0, 7, 28
c:\laragon\www\cms\app\Listeners\Pages\PageUpdateLogListener.php, PHP, 0, 0, 0, 0, 21, 0, 0, 0, 0, 0, 0, 0, 5, 26
c:\laragon\www\cms\app\Listeners\Pages\PageUpdateThumbnailListener.php, PHP, 0, 0, 0, 0, 18, 0, 0, 0, 0, 0, 0, 0, 8, 26
c:\laragon\www\cms\app\Listeners\Posts\PostCreateLogListener.php, PHP, 0, 0, 0, 0, 20, 0, 0, 0, 0, 0, 0, 0, 7, 27
c:\laragon\www\cms\app\Listeners\Posts\PostDestroyLogListener.php, PHP, 0, 0, 0, 0, 21, 0, 0, 0, 0, 0, 0, 0, 7, 28
c:\laragon\www\cms\app\Listeners\Posts\PostUpdateLogListener.php, PHP, 0, 0, 0, 0, 21, 0, 0, 0, 0, 0, 0, 0, 7, 28
c:\laragon\www\cms\app\Listeners\Posts\PostUpdateThumbnailListener.php, PHP, 0, 0, 0, 0, 18, 0, 0, 0, 0, 0, 0, 0, 8, 26
c:\laragon\www\cms\app\Listeners\Roles\RoleCreateLogListener.php, PHP, 0, 0, 0, 0, 21, 0, 0, 0, 0, 0, 0, 0, 7, 28
c:\laragon\www\cms\app\Listeners\Roles\RoleDestroyLogListener.php, PHP, 0, 0, 0, 0, 21, 0, 0, 0, 0, 0, 0, 0, 8, 29
c:\laragon\www\cms\app\Listeners\Roles\RoleUpdateLogListener.php, PHP, 0, 0, 0, 0, 21, 0, 0, 0, 0, 0, 0, 0, 8, 29
c:\laragon\www\cms\app\Listeners\Users\UserBlockLogListener.php, PHP, 0, 0, 0, 0, 21, 0, 0, 0, 0, 0, 0, 0, 7, 28
c:\laragon\www\cms\app\Listeners\Users\UserCreateLogListener.php, PHP, 0, 0, 0, 0, 21, 0, 0, 0, 0, 0, 0, 0, 7, 28
c:\laragon\www\cms\app\Listeners\Users\UserDestroyLogListener.php, PHP, 0, 0, 0, 0, 21, 0, 0, 0, 0, 0, 0, 0, 6, 27
c:\laragon\www\cms\app\Listeners\Users\UserNewPasswordLogListener.php, PHP, 0, 0, 0, 0, 21, 0, 0, 0, 0, 0, 0, 0, 7, 28
c:\laragon\www\cms\app\Listeners\Users\UserUpdateAvatarListener.php, PHP, 0, 0, 0, 0, 25, 0, 0, 0, 0, 0, 0, 0, 11, 36
c:\laragon\www\cms\app\Listeners\Users\UserUpdateLogListener.php, PHP, 0, 0, 0, 0, 21, 0, 0, 0, 0, 0, 0, 0, 7, 28
c:\laragon\www\cms\app\Log.php, PHP, 0, 0, 0, 0, 33, 0, 0, 0, 0, 0, 0, 0, 11, 44
c:\laragon\www\cms\app\Menu.php, PHP, 0, 0, 0, 0, 12, 0, 0, 0, 0, 0, 0, 1, 5, 18
c:\laragon\www\cms\app\MenuItem.php, PHP, 0, 0, 0, 0, 11, 0, 0, 0, 0, 0, 0, 0, 4, 15
c:\laragon\www\cms\app\Module.php, PHP, 0, 0, 0, 0, 11, 0, 0, 0, 0, 0, 0, 0, 5, 16
c:\laragon\www\cms\app\Page.php, PHP, 0, 0, 0, 0, 44, 0, 0, 0, 0, 0, 0, 2, 15, 61
c:\laragon\www\cms\app\PageCategory.php, PHP, 0, 0, 0, 0, 44, 0, 0, 0, 0, 0, 0, 2, 17, 63
c:\laragon\www\cms\app\Post.php, PHP, 0, 0, 0, 0, 44, 0, 0, 0, 0, 0, 0, 2, 18, 64
c:\laragon\www\cms\app\PostCategory.php, PHP, 0, 0, 0, 0, 43, 0, 0, 0, 0, 0, 0, 2, 18, 63
c:\laragon\www\cms\app\Providers\AppServiceProvider.php, PHP, 0, 0, 0, 0, 43, 0, 0, 0, 0, 0, 0, 10, 11, 64
c:\laragon\www\cms\app\Providers\AuthServiceProvider.php, PHP, 0, 0, 0, 0, 13, 0, 0, 0, 0, 0, 0, 12, 6, 31
c:\laragon\www\cms\app\Providers\BroadcastServiceProvider.php, PHP, 0, 0, 0, 0, 12, 0, 0, 0, 0, 0, 0, 5, 5, 22
c:\laragon\www\cms\app\Providers\EventServiceProvider.php, PHP, 0, 0, 0, 0, 30, 0, 0, 0, 0, 0, 0, 10, 8, 48
c:\laragon\www\cms\app\Providers\EventServiceProvider\CategoriesEventServiceProvider.php, PHP, 0, 0, 0, 0, 19, 0, 0, 0, 0, 0, 0, 0, 5, 24
c:\laragon\www\cms\app\Providers\EventServiceProvider\PagesEventServiceProvider.php, PHP, 0, 0, 0, 0, 22, 0, 0, 0, 0, 0, 0, 0, 3, 25
c:\laragon\www\cms\app\Providers\EventServiceProvider\PostsEventServiceProvider.php, PHP, 0, 0, 0, 0, 22, 0, 0, 0, 0, 0, 0, 0, 3, 25
c:\laragon\www\cms\app\Providers\EventServiceProvider\RolesEventServiceProvider.php, PHP, 0, 0, 0, 0, 19, 0, 0, 0, 0, 0, 0, 0, 3, 22
c:\laragon\www\cms\app\Providers\EventServiceProvider\UsersEventServiceProvider.php, PHP, 0, 0, 0, 0, 32, 0, 0, 0, 0, 0, 0, 0, 5, 37
c:\laragon\www\cms\app\Providers\RouteServiceProvider.php, PHP, 0, 0, 0, 0, 31, 0, 0, 0, 0, 0, 0, 38, 12, 81
c:\laragon\www\cms\app\Role.php, PHP, 0, 0, 0, 0, 45, 0, 0, 0, 0, 0, 0, 2, 21, 68
c:\laragon\www\cms\app\User.php, PHP, 0, 0, 0, 0, 118, 0, 0, 0, 0, 0, 0, 2, 40, 160
c:\laragon\www\cms\app\Widgets\Admin\RecentLogs.php, PHP, 0, 0, 0, 0, 21, 0, 0, 0, 0, 0, 0, 0, 7, 28
c:\laragon\www\cms\app\Widgets\Admin\RecentPosts.php, PHP, 0, 0, 0, 0, 18, 0, 0, 0, 0, 0, 0, 0, 5, 23
c:\laragon\www\cms\app\Widgets\Admin\RecentlyLoggedIn.php, PHP, 0, 0, 0, 0, 21, 0, 0, 0, 0, 0, 0, 0, 7, 28
c:\laragon\www\cms\bootstrap\app.php, PHP, 0, 0, 0, 0, 17, 0, 0, 0, 0, 0, 0, 30, 9, 56
c:\laragon\www\cms\composer.json, JSON, 76, 0, 0, 0, 0, 0, 0, 0, 0, 0, 0, 0, 1, 77
c:\laragon\www\cms\composer.lock, JSON, 6852, 0, 0, 0, 0, 0, 0, 0, 0, 0, 0, 0, 1, 6853
c:\laragon\www\cms\config\app.php, PHP, 0, 0, 0, 0, 88, 0, 0, 0, 0, 0, 0, 120, 30, 238
c:\laragon\www\cms\config\auth.php, PHP, 0, 0, 0, 0, 32, 0, 0, 0, 0, 0, 0, 70, 15, 117
c:\laragon\www\cms\config\broadcasting.php, PHP, 0, 0, 0, 0, 26, 0, 0, 0, 0, 0, 0, 22, 12, 60
c:\laragon\www\cms\config\cache.php, PHP, 0, 0, 0, 0, 52, 0, 0, 0, 0, 0, 0, 34, 18, 104
c:\laragon\www\cms\config\cors.php, PHP, 0, 0, 0, 0, 11, 0, 0, 0, 0, 0, 0, 40, 10, 61
c:\laragon\www\cms\config\database.php, PHP, 0, 0, 0, 0, 81, 0, 0, 0, 0, 0, 0, 45, 22, 148
c:\laragon\www\cms\config\filesystems.php, PHP, 0, 0, 0, 0, 25, 0, 0, 0, 0, 0, 0, 32, 13, 70
c:\laragon\www\cms\config\hashing.php, PHP, 0, 0, 0, 0, 12, 0, 0, 0, 0, 0, 0, 32, 9, 53
c:\laragon\www\cms\config\jwt.php, PHP, 0, 0, 0, 0, 32, 0, 0, 0, 0, 0, 0, 229, 44, 305
c:\laragon\www\cms\config\lfm.php, PHP, 0, 0, 0, 0, 69, 0, 0, 0, 0, 0, 0, 61, 28, 158
c:\laragon\www\cms\config\logging.php, PHP, 0, 0, 0, 0, 64, 0, 0, 0, 0, 0, 0, 24, 17, 105
c:\laragon\www\cms\config\mail.php, PHP, 0, 0, 0, 0, 21, 0, 0, 0, 0, 0, 0, 93, 23, 137
c:\laragon\www\cms\config\menu.php, PHP, 0, 0, 0, 0, 12, 0, 0, 0, 0, 0, 0, 6, 11, 29
c:\laragon\www\cms\config\modules.php, PHP, 0, 0, 0, 0, 101, 0, 0, 0, 0, 0, 0, 99, 14, 214
c:\laragon\www\cms\config\queue.php, PHP, 0, 0, 0, 0, 42, 0, 0, 0, 0, 0, 0, 32, 15, 89
c:\laragon\www\cms\config\services.php, PHP, 0, 0, 0, 0, 16, 0, 0, 0, 0, 0, 0, 11, 7, 34
c:\laragon\www\cms\config\session.php, PHP, 0, 0, 0, 0, 22, 0, 0, 0, 0, 0, 0, 145, 33, 200
c:\laragon\www\cms\config\view.php, PHP, 0, 0, 0, 0, 10, 0, 0, 0, 0, 0, 0, 20, 7, 37
c:\laragon\www\cms\database\2019_01_05_293551_add-role-id-to-menu-items-table.php, PHP, 0, 0, 0, 0, 19, 0, 0, 0, 0, 0, 0, 10, 4, 33
c:\laragon\www\cms\database\factories\PostFactory.php, PHP, 0, 0, 0, 0, 14, 0, 0, 0, 0, 0, 0, 1, 4, 19
c:\laragon\www\cms\database\factories\UserFactory.php, PHP, 0, 0, 0, 0, 18, 0, 0, 0, 0, 0, 0, 1, 4, 23
c:\laragon\www\cms\database\migrations\2014_10_12_000000_create_users_table.php, PHP, 0, 0, 0, 0, 23, 0, 0, 0, 0, 0, 0, 10, 4, 37
c:\laragon\www\cms\database\migrations\2014_10_12_100000_create_password_resets_table.php, PHP, 0, 0, 0, 0, 19, 0, 0, 0, 0, 0, 0, 10, 4, 33
c:\laragon\www\cms\database\migrations\2017_08_11_073824_create_menus_wp_table.php, PHP, 0, 0, 0, 0, 19, 0, 0, 0, 0, 0, 0, 10, 4, 33
c:\laragon\www\cms\database\migrations\2017_08_11_074006_create_menu_items_wp_table.php, PHP, 0, 0, 0, 0, 28, 0, 0, 0, 0, 0, 0, 10, 5, 43
c:\laragon\www\cms\database\migrations\2019_08_19_000000_create_failed_jobs_table.php, PHP, 0, 0, 0, 0, 22, 0, 0, 0, 0, 0, 0, 10, 4, 36
c:\laragon\www\cms\database\migrations\2020_02_11_183046_add_role_id_to_users_table.php, PHP, 0, 0, 0, 0, 19, 0, 0, 0, 0, 0, 0, 10, 4, 33
c:\laragon\www\cms\database\migrations\2020_02_11_185320_create_roles_table.php, PHP, 0, 0, 0, 0, 20, 0, 0, 0, 0, 0, 0, 10, 4, 34
c:\laragon\www\cms\database\migrations\2020_02_11_203210_add_is_active_to_users_table.php, PHP, 0, 0, 0, 0, 18, 0, 0, 0, 0, 0, 0, 11, 4, 33
c:\laragon\www\cms\database\migrations\2020_02_13_214703_create_files_table.php, PHP, 0, 0, 0, 0, 20, 0, 0, 0, 0, 0, 0, 10, 4, 34
c:\laragon\www\cms\database\migrations\2020_02_13_214828_add_file_id_to_users_table.php, PHP, 0, 0, 0, 0, 19, 0, 0, 0, 0, 0, 0, 10, 5, 34
c:\laragon\www\cms\database\migrations\2020_02_14_161801_add_first_name_and_last_name_to_users_table.php, PHP, 0, 0, 0, 0, 21, 0, 0, 0, 0, 0, 0, 10, 4, 35
c:\laragon\www\cms\database\migrations\2020_02_14_164251_create_logs_table.php, PHP, 0, 0, 0, 0, 23, 0, 0, 0, 0, 0, 0, 10, 4, 37
c:\laragon\www\cms\database\migrations\2020_02_15_110806_add_description_to_roles_table.php, PHP, 0, 0, 0, 0, 19, 0, 0, 0, 0, 0, 0, 10, 4, 33
c:\laragon\www\cms\database\migrations\2020_02_15_125815_add_target_name_to_logs_table.php, PHP, 0, 0, 0, 0, 19, 0, 0, 0, 0, 0, 0, 10, 4, 33
c:\laragon\www\cms\database\migrations\2020_02_15_185306_create_posts_table.php, PHP, 0, 0, 0, 0, 27, 0, 0, 0, 0, 0, 0, 10, 4, 41
c:\laragon\www\cms\database\migrations\2020_02_16_122935_create_post_categories_table.php, PHP, 0, 0, 0, 0, 22, 0, 0, 0, 0, 0, 0, 10, 4, 36
c:\laragon\www\cms\database\migrations\2020_02_17_173538_create_pages_table.php, PHP, 0, 0, 0, 0, 29, 0, 0, 0, 0, 0, 0, 10, 4, 43
c:\laragon\www\cms\database\migrations\2020_02_17_190112_create_page_categories_table.php, PHP, 0, 0, 0, 0, 22, 0, 0, 0, 0, 0, 0, 10, 4, 36
c:\laragon\www\cms\database\migrations\2020_02_20_183811_create_module_settings_table.php, PHP, 0, 0, 0, 0, 21, 0, 0, 0, 0, 0, 0, 10, 4, 35
c:\laragon\www\cms\database\migrations\2020_02_21_212602_add_is_active_to_posts_table.php, PHP, 0, 0, 0, 0, 19, 0, 0, 0, 0, 0, 0, 10, 4, 33
c:\laragon\www\cms\database\migrations\2020_02_21_223833_add_is_active_to_pages_table.php, PHP, 0, 0, 0, 0, 19, 0, 0, 0, 0, 0, 0, 10, 4, 33
c:\laragon\www\cms\database\migrations\2020_02_24_213716_add_login_timestamps_to_users_table.php, PHP, 0, 0, 0, 0, 19, 0, 0, 0, 0, 0, 0, 10, 4, 33
c:\laragon\www\cms\database\migrations\2020_02_25_171303_create_dashboards_table.php, PHP, 0, 0, 0, 0, 20, 0, 0, 0, 0, 0, 0, 10, 4, 34
c:\laragon\www\cms\database\seeds\DatabaseSeeder.php, PHP, 0, 0, 0, 0, 9, 0, 0, 0, 0, 0, 0, 6, 3, 18
c:\laragon\www\cms\modules_statuses.json, JSON, 8, 0, 0, 0, 0, 0, 0, 0, 0, 0, 0, 0, 0, 8
c:\laragon\www\cms\package-lock.json, JSON, 10088, 0, 0, 0, 0, 0, 0, 0, 0, 0, 0, 0, 1, 10089
c:\laragon\www\cms\package.json, JSON, 27, 0, 0, 0, 0, 0, 0, 0, 0, 0, 0, 0, 1, 28
c:\laragon\www\cms\phpunit.xml, XML, 0, 0, 0, 36, 0, 0, 0, 0, 0, 0, 0, 0, 2, 38
c:\laragon\www\cms\public\css\admin.css, CSS, 0, 0, 0, 0, 0, 0, 0, 129, 0, 0, 0, 0, 31, 160
c:\laragon\www\cms\public\css\app.css, CSS, 0, 0, 0, 0, 0, 0, 0, 8855, 0, 0, 0, 6, 2032, 10893
c:\laragon\www\cms\public\css\libs.css, CSS, 0, 0, 0, 0, 0, 0, 0, 0, 0, 0, 0, 0, 1, 1
c:\laragon\www\cms\public\index.php, PHP, 0, 0, 0, 0, 12, 0, 0, 0, 0, 0, 0, 39, 11, 62
c:\laragon\www\cms\public\js\admin\dashboard.js, JavaScript, 0, 0, 0, 0, 0, 125, 0, 0, 0, 0, 0, 25, 13, 163
c:\laragon\www\cms\public\js\app.js, JavaScript, 0, 0, 0, 0, 0, 18625, 0, 0, 0, 0, 0, 13966, 4609, 37200
c:\laragon\www\cms\public\js\lang.js, JavaScript, 0, 0, 0, 0, 0, 78, 0, 0, 0, 0, 0, 25, 9, 112
c:\laragon\www\cms\public\mix-manifest.json, JSON, 7, 0, 0, 0, 0, 0, 0, 0, 0, 0, 0, 0, 1, 8
c:\laragon\www\cms\public\vendor\dropzone\CONTRIBUTING.md, Markdown, 0, 0, 0, 0, 0, 0, 4, 0, 0, 0, 0, 0, 2, 6
c:\laragon\www\cms\public\vendor\dropzone\README.md, Markdown, 0, 0, 0, 0, 0, 0, 25, 0, 0, 0, 0, 0, 12, 37
c:\laragon\www\cms\public\vendor\dropzone\bower.json, JSON, 16, 0, 0, 0, 0, 0, 0, 0, 0, 0, 0, 0, 1, 17
c:\laragon\www\cms\public\vendor\dropzone\component.json, JSON, 10, 0, 0, 0, 0, 0, 0, 0, 0, 0, 0, 0, 1, 11
c:\laragon\www\cms\public\vendor\dropzone\composer.json, JSON, 18, 0, 0, 0, 0, 0, 0, 0, 0, 0, 0, 0, 1, 19
c:\laragon\www\cms\public\vendor\dropzone\dist\basic.css, CSS, 0, 0, 0, 0, 0, 0, 0, 34, 0, 0, 0, 4, 2, 40
c:\laragon\www\cms\public\vendor\dropzone\dist\dropzone-amd-module.js, JavaScript, 0, 0, 0, 0, 0, 2739, 0, 0, 0, 0, 0, 532, 574, 3845
c:\laragon\www\cms\public\vendor\dropzone\dist\dropzone.css, CSS, 0, 0, 0, 0, 0, 0, 0, 391, 0, 0, 0, 4, 2, 397
c:\laragon\www\cms\public\vendor\dropzone\dist\dropzone.js, JavaScript, 0, 0, 0, 0, 0, 2729, 0, 0, 0, 0, 0, 529, 573, 3831
c:\laragon\www\cms\public\vendor\dropzone\dist\min\basic.min.css, CSS, 0, 0, 0, 0, 0, 0, 0, 1, 0, 0, 0, 0, 1, 2
c:\laragon\www\cms\public\vendor\dropzone\dist\min\dropzone-amd-module.min.js, JavaScript, 0, 0, 0, 0, 0, 1, 0, 0, 0, 0, 0, 0, 0, 1
c:\laragon\www\cms\public\vendor\dropzone\dist\min\dropzone.min.css, CSS, 0, 0, 0, 0, 0, 0, 0, 1, 0, 0, 0, 0, 1, 2
c:\laragon\www\cms\public\vendor\dropzone\dist\min\dropzone.min.js, JavaScript, 0, 0, 0, 0, 0, 1, 0, 0, 0, 0, 0, 0, 0, 1
c:\laragon\www\cms\public\vendor\dropzone\index.js, JavaScript, 0, 0, 0, 0, 0, 1, 0, 0, 0, 0, 0, 0, 1, 2
c:\laragon\www\cms\public\vendor\dropzone\package.json, JSON, 40, 0, 0, 0, 0, 0, 0, 0, 0, 0, 0, 0, 1, 41
c:\laragon\www\cms\public\vendor\harimayco-menu\menu.js, JavaScript, 0, 0, 0, 0, 0, 219, 0, 0, 0, 0, 0, 1, 26, 246
c:\laragon\www\cms\public\vendor\harimayco-menu\scripts.js, JavaScript, 0, 0, 0, 0, 0, 1897, 0, 0, 0, 0, 0, 50, 25, 1972
c:\laragon\www\cms\public\vendor\harimayco-menu\scripts2.js, JavaScript, 0, 0, 0, 0, 0, 4, 0, 0, 0, 0, 0, 0, 3, 7
c:\laragon\www\cms\public\vendor\harimayco-menu\style.css, CSS, 0, 0, 0, 0, 0, 0, 0, 2940, 0, 0, 0, 1, 5, 2946
c:\laragon\www\cms\public\vendor\laravel-filemanager\css\cropper.min.css, CSS, 0, 0, 0, 0, 0, 0, 0, 1, 0, 0, 0, 8, 0, 9
c:\laragon\www\cms\public\vendor\laravel-filemanager\css\dropzone.min.css, CSS, 0, 0, 0, 0, 0, 0, 0, 458, 0, 0, 0, 0, 75, 533
c:\laragon\www\cms\public\vendor\laravel-filemanager\css\lfm.css, CSS, 0, 0, 0, 0, 0, 0, 0, 314, 0, 0, 0, 7, 62, 383
c:\laragon\www\cms\public\vendor\laravel-filemanager\css\mime-icons.min.css, CSS, 0, 0, 0, 0, 0, 0, 0, 1, 0, 0, 0, 7, 2, 10
c:\laragon\www\cms\public\vendor\laravel-filemanager\img\loader.svg, SVG, 0, 0, 0, 0, 0, 0, 0, 0, 0, 32, 0, 1, 1, 34
c:\laragon\www\cms\public\vendor\laravel-filemanager\js\cropper.min.js, JavaScript, 0, 0, 0, 0, 0, 1, 0, 0, 0, 0, 0, 9, 0, 10
c:\laragon\www\cms\public\vendor\laravel-filemanager\js\dropzone.min.js, JavaScript, 0, 0, 0, 0, 0, 2, 0, 0, 0, 0, 0, 0, 0, 2
c:\laragon\www\cms\public\vendor\laravel-filemanager\js\script.js, JavaScript, 0, 0, 0, 0, 0, 528, 0, 0, 0, 0, 0, 32, 112, 672
c:\laragon\www\cms\public\vendor\laravel-filemanager\js\stand-alone-button.js, JavaScript, 0, 0, 0, 0, 0, 25, 0, 0, 0, 0, 0, 4, 8, 37
c:\laragon\www\cms\resources\data\array\admin\categories\page_categories_form.php, PHP, 0, 0, 0, 0, 50, 0, 0, 0, 0, 0, 0, 0, 1, 51
c:\laragon\www\cms\resources\data\array\admin\categories\page_categories_index_table.php, PHP, 0, 0, 0, 0, 21, 0, 0, 0, 0, 0, 0, 0, 2, 23
c:\laragon\www\cms\resources\data\array\admin\categories\post_categories_form.php, PHP, 0, 0, 0, 0, 50, 0, 0, 0, 0, 0, 0, 0, 1, 51
c:\laragon\www\cms\resources\data\array\admin\categories\post_categories_index_table.php, PHP, 0, 0, 0, 0, 21, 0, 0, 0, 0, 0, 0, 0, 2, 23
c:\laragon\www\cms\resources\data\array\admin\modules\modules_index_table.php, PHP, 0, 0, 0, 0, 26, 0, 0, 0, 0, 0, 0, 0, 1, 27
c:\laragon\www\cms\resources\data\array\admin\pages\pages_form.php, PHP, 0, 0, 0, 0, 119, 0, 0, 0, 0, 0, 0, 0, 1, 120
c:\laragon\www\cms\resources\data\array\admin\pages\pages_index_table.php, PHP, 0, 0, 0, 0, 26, 0, 0, 0, 0, 0, 0, 0, 1, 27
c:\laragon\www\cms\resources\data\array\admin\posts\posts_form.php, PHP, 0, 0, 0, 0, 100, 0, 0, 0, 0, 0, 0, 0, 1, 101
c:\laragon\www\cms\resources\data\array\admin\posts\posts_index_table.php, PHP, 0, 0, 0, 0, 26, 0, 0, 0, 0, 0, 0, 0, 1, 27
c:\laragon\www\cms\resources\data\array\admin\roles\roles_form.php, PHP, 0, 0, 0, 0, 222, 0, 0, 0, 0, 0, 0, 0, 1, 223
c:\laragon\www\cms\resources\data\array\admin\roles\roles_index_table.php, PHP, 0, 0, 0, 0, 24, 0, 0, 0, 0, 0, 0, 0, 2, 26
c:\laragon\www\cms\resources\data\array\admin\sidebar.php, PHP, 0, 0, 0, 0, 102, 0, 0, 0, 0, 0, 0, 0, 1, 103
c:\laragon\www\cms\resources\data\array\admin\users\users_create_form.php, PHP, 0, 0, 0, 0, 90, 0, 0, 0, 0, 0, 0, 0, 1, 91
c:\laragon\www\cms\resources\data\array\admin\users\users_index_table.php, PHP, 0, 0, 0, 0, 37, 0, 0, 0, 0, 0, 0, 0, 2, 39
c:\laragon\www\cms\resources\data\array\admin\users\users_update_form.php, PHP, 0, 0, 0, 0, 83, 0, 0, 0, 0, 0, 0, 0, 1, 84
c:\laragon\www\cms\resources\data\sidebar.json, JSON, 0, 0, 0, 0, 0, 0, 0, 0, 0, 0, 0, 0, 1, 1
c:\laragon\www\cms\resources\fonts\fontawesome-webfont.svg, SVG, 0, 0, 0, 0, 0, 0, 0, 0, 0, 520, 0, 0, 0, 520
c:\laragon\www\cms\resources\fonts\glyphicons-halflings-regular.svg, SVG, 0, 0, 0, 0, 0, 0, 0, 0, 0, 288, 0, 0, 0, 288
c:\laragon\www\cms\resources\js\admin\dashboard.js, JavaScript, 0, 0, 0, 0, 0, 65, 0, 0, 0, 0, 0, 0, 12, 77
c:\laragon\www\cms\resources\js\app.js, JavaScript, 0, 0, 0, 0, 0, 59, 0, 0, 0, 0, 0, 3, 11, 73
c:\laragon\www\cms\resources\js\bootstrap.js, JavaScript, 0, 0, 0, 0, 0, 8, 0, 0, 0, 0, 0, 23, 11, 42
c:\laragon\www\cms\resources\lang\en\admin\general.php, PHP, 0, 0, 0, 0, 10, 0, 0, 0, 0, 0, 0, 0, 2, 12
c:\laragon\www\cms\resources\lang\en\admin\logs.php, PHP, 0, 0, 0, 0, 22, 0, 0, 0, 0, 0, 0, 0, 0, 22
c:\laragon\www\cms\resources\lang\en\admin\menu-items.php, PHP, 0, 0, 0, 0, 41, 0, 0, 0, 0, 0, 0, 0, 0, 41
c:\laragon\www\cms\resources\lang\en\admin\menus.php, PHP, 0, 0, 0, 0, 4, 0, 0, 0, 0, 0, 0, 0, 0, 4
c:\laragon\www\cms\resources\lang\en\admin\modules.php, PHP, 0, 0, 0, 0, 5, 0, 0, 0, 0, 0, 0, 0, 0, 5
c:\laragon\www\cms\resources\lang\en\admin\page_categories.php, PHP, 0, 0, 0, 0, 11, 0, 0, 0, 0, 0, 0, 0, 6, 17
c:\laragon\www\cms\resources\lang\en\admin\pages.php, PHP, 0, 0, 0, 0, 20, 0, 0, 0, 0, 0, 0, 0, 5, 25
c:\laragon\www\cms\resources\lang\en\admin\partials.php, PHP, 0, 0, 0, 0, 10, 0, 0, 0, 0, 0, 0, 0, 1, 11
c:\laragon\www\cms\resources\lang\en\admin\post_categories.php, PHP, 0, 0, 0, 0, 11, 0, 0, 0, 0, 0, 0, 0, 6, 17
c:\laragon\www\cms\resources\lang\en\admin\posts.php, PHP, 0, 0, 0, 0, 13, 0, 0, 0, 0, 0, 0, 0, 3, 16
c:\laragon\www\cms\resources\lang\en\admin\roles.php, PHP, 0, 0, 0, 0, 12, 0, 0, 0, 0, 0, 0, 0, 4, 16
c:\laragon\www\cms\resources\lang\en\admin\routes.php, PHP, 0, 0, 0, 0, 23, 0, 0, 0, 0, 0, 0, 0, 2, 25
c:\laragon\www\cms\resources\lang\en\admin\users.php, PHP, 0, 0, 0, 0, 19, 0, 0, 0, 0, 0, 0, 0, 7, 26
c:\laragon\www\cms\resources\lang\en\auth.php, PHP, 0, 0, 0, 0, 5, 0, 0, 0, 0, 0, 0, 10, 5, 20
c:\laragon\www\cms\resources\lang\en\pagination.php, PHP, 0, 0, 0, 0, 5, 0, 0, 0, 0, 0, 0, 10, 5, 20
c:\laragon\www\cms\resources\lang\en\passwords.php, PHP, 0, 0, 0, 0, 8, 0, 0, 0, 0, 0, 0, 10, 5, 23
c:\laragon\www\cms\resources\lang\en\validation.php, PHP, 0, 0, 0, 0, 113, 0, 0, 0, 0, 0, 0, 30, 9, 152
c:\laragon\www\cms\resources\lang\pl\admin\general.php, PHP, 0, 0, 0, 0, 10, 0, 0, 0, 0, 0, 0, 0, 2, 12
c:\laragon\www\cms\resources\lang\pl\admin\logs.php, PHP, 0, 0, 0, 0, 23, 0, 0, 0, 0, 0, 0, 0, 0, 23
c:\laragon\www\cms\resources\lang\pl\admin\menu-items.php, PHP, 0, 0, 0, 0, 41, 0, 0, 0, 0, 0, 0, 0, 0, 41
c:\laragon\www\cms\resources\lang\pl\admin\menus.php, PHP, 0, 0, 0, 0, 4, 0, 0, 0, 0, 0, 0, 0, 0, 4
c:\laragon\www\cms\resources\lang\pl\admin\modules.php, PHP, 0, 0, 0, 0, 5, 0, 0, 0, 0, 0, 0, 0, 0, 5
c:\laragon\www\cms\resources\lang\pl\admin\page_categories.php, PHP, 0, 0, 0, 0, 11, 0, 0, 0, 0, 0, 0, 0, 6, 17
c:\laragon\www\cms\resources\lang\pl\admin\pages.php, PHP, 0, 0, 0, 0, 20, 0, 0, 0, 0, 0, 0, 0, 5, 25
c:\laragon\www\cms\resources\lang\pl\admin\partials.php, PHP, 0, 0, 0, 0, 10, 0, 0, 0, 0, 0, 0, 0, 1, 11
c:\laragon\www\cms\resources\lang\pl\admin\post_categories.php, PHP, 0, 0, 0, 0, 11, 0, 0, 0, 0, 0, 0, 0, 6, 17
c:\laragon\www\cms\resources\lang\pl\admin\posts.php, PHP, 0, 0, 0, 0, 13, 0, 0, 0, 0, 0, 0, 0, 3, 16
c:\laragon\www\cms\resources\lang\pl\admin\roles.php, PHP, 0, 0, 0, 0, 12, 0, 0, 0, 0, 0, 0, 0, 4, 16
c:\laragon\www\cms\resources\lang\pl\admin\routes.php, PHP, 0, 0, 0, 0, 23, 0, 0, 0, 0, 0, 0, 0, 2, 25
c:\laragon\www\cms\resources\lang\pl\admin\users.php, PHP, 0, 0, 0, 0, 19, 0, 0, 0, 0, 0, 0, 0, 7, 26
c:\laragon\www\cms\resources\sass\_variables.scss, SCSS, 0, 0, 0, 0, 0, 0, 0, 0, 14, 0, 0, 3, 3, 20
c:\laragon\www\cms\resources\sass\admin.scss, SCSS, 0, 0, 0, 0, 0, 0, 0, 0, 131, 0, 0, 0, 32, 163
c:\laragon\www\cms\resources\sass\app.scss, SCSS, 0, 0, 0, 0, 0, 0, 0, 0, 8, 0, 0, 3, 4, 15
c:\laragon\www\cms\resources\views\admin\dashboard\edit.blade.php, PHP, 0, 0, 0, 0, 58, 0, 0, 0, 0, 0, 0, 0, 12, 70
c:\laragon\www\cms\resources\views\admin\dashboard\index.blade.php, PHP, 0, 0, 0, 0, 21, 0, 0, 0, 0, 0, 0, 0, 3, 24
c:\laragon\www\cms\resources\views\admin\filemanager.blade.php, PHP, 0, 0, 0, 0, 12, 0, 0, 0, 0, 0, 0, 0, 2, 14
c:\laragon\www\cms\resources\views\admin\logs\index.blade.php, PHP, 0, 0, 0, 0, 45, 0, 0, 0, 0, 0, 0, 0, 6, 51
c:\laragon\www\cms\resources\views\admin\menus\index.blade.php, PHP, 0, 0, 0, 0, 15, 0, 0, 0, 0, 0, 0, 0, 3, 18
c:\laragon\www\cms\resources\views\admin\modules\index.blade.php, PHP, 0, 0, 0, 0, 16, 0, 0, 0, 0, 0, 0, 0, 4, 20
c:\laragon\www\cms\resources\views\admin\page_categories\create.blade.php, PHP, 0, 0, 0, 0, 30, 0, 0, 0, 0, 0, 0, 0, 11, 41
c:\laragon\www\cms\resources\views\admin\page_categories\delete.blade.php, PHP, 0, 0, 0, 0, 26, 0, 0, 0, 0, 0, 0, 0, 5, 31
c:\laragon\www\cms\resources\views\admin\page_categories\edit.blade.php, PHP, 0, 0, 0, 0, 31, 0, 0, 0, 0, 0, 0, 0, 11, 42
c:\laragon\www\cms\resources\views\admin\page_categories\index.blade.php, PHP, 0, 0, 0, 0, 25, 0, 0, 0, 0, 0, 0, 0, 3, 28
c:\laragon\www\cms\resources\views\admin\pages\create.blade.php, PHP, 0, 0, 0, 0, 46, 0, 0, 0, 0, 0, 0, 0, 18, 64
c:\laragon\www\cms\resources\views\admin\pages\delete.blade.php, PHP, 0, 0, 0, 0, 26, 0, 0, 0, 0, 0, 0, 0, 5, 31
c:\laragon\www\cms\resources\views\admin\pages\edit.blade.php, PHP, 0, 0, 0, 0, 50, 0, 0, 0, 0, 0, 0, 0, 25, 75
c:\laragon\www\cms\resources\views\admin\pages\index.blade.php, PHP, 0, 0, 0, 0, 24, 0, 0, 0, 0, 0, 0, 0, 6, 30
c:\laragon\www\cms\resources\views\admin\partials\dashboard_controls.blade.php, PHP, 0, 0, 0, 0, 9, 0, 0, 0, 0, 0, 0, 0, 1, 10
c:\laragon\www\cms\resources\views\admin\partials\logs.blade.php, PHP, 0, 0, 0, 0, 24, 0, 0, 0, 0, 0, 0, 0, 6, 30
c:\laragon\www\cms\resources\views\admin\partials\massedit.blade.php, PHP, 0, 0, 0, 0, 16, 0, 0, 0, 0, 0, 0, 0, 0, 16
c:\laragon\www\cms\resources\views\admin\partials\massedit\users.blade.php, PHP, 0, 0, 0, 0, 5, 0, 0, 0, 0, 0, 0, 0, 0, 5
c:\laragon\www\cms\resources\views\admin\partials\placeholder.blade.php, PHP, 0, 0, 0, 0, 9, 0, 0, 0, 0, 0, 0, 0, 0, 9
c:\laragon\www\cms\resources\views\admin\partials\searchfilterbar.blade.php, PHP, 0, 0, 0, 0, 24, 0, 0, 0, 0, 0, 0, 0, 8, 32
c:\laragon\www\cms\resources\views\admin\partials\sidebar.blade.php, PHP, 0, 0, 0, 0, 23, 0, 0, 0, 0, 0, 0, 0, 3, 26
c:\laragon\www\cms\resources\views\admin\partials\table.blade.php, PHP, 0, 0, 0, 0, 67, 0, 0, 0, 0, 0, 0, 0, 7, 74
c:\laragon\www\cms\resources\views\admin\partials\tinymce.blade.php, PHP, 0, 0, 0, 0, 1, 0, 0, 0, 0, 0, 0, 0, 0, 1
c:\laragon\www\cms\resources\views\admin\partials\top-nav.blade.php, PHP, 0, 0, 0, 0, 10, 0, 0, 0, 0, 0, 0, 0, 0, 10
c:\laragon\www\cms\resources\views\admin\partials\user-bar.blade.php, PHP, 0, 0, 0, 0, 4, 0, 0, 0, 0, 0, 0, 0, 0, 4
c:\laragon\www\cms\resources\views\admin\partials\validation.blade.php, PHP, 0, 0, 0, 0, 9, 0, 0, 0, 0, 0, 0, 0, 0, 9
c:\laragon\www\cms\resources\views\admin\partials\widget.blade.php, PHP, 0, 0, 0, 0, 11, 0, 0, 0, 0, 0, 0, 0, 4, 15
c:\laragon\www\cms\resources\views\admin\partials\widget_collapsable.blade.php, PHP, 0, 0, 0, 0, 17, 0, 0, 0, 0, 0, 0, 0, 0, 17
c:\laragon\www\cms\resources\views\admin\post_categories\create.blade.php, PHP, 0, 0, 0, 0, 30, 0, 0, 0, 0, 0, 0, 0, 10, 40
c:\laragon\www\cms\resources\views\admin\post_categories\delete.blade.php, PHP, 0, 0, 0, 0, 26, 0, 0, 0, 0, 0, 0, 0, 5, 31
c:\laragon\www\cms\resources\views\admin\post_categories\edit.blade.php, PHP, 0, 0, 0, 0, 31, 0, 0, 0, 0, 0, 0, 0, 10, 41
c:\laragon\www\cms\resources\views\admin\post_categories\index.blade.php, PHP, 0, 0, 0, 0, 25, 0, 0, 0, 0, 0, 0, 0, 6, 31
c:\laragon\www\cms\resources\views\admin\posts\create.blade.php, PHP, 0, 0, 0, 0, 46, 0, 0, 0, 0, 0, 0, 0, 16, 62
c:\laragon\www\cms\resources\views\admin\posts\delete.blade.php, PHP, 0, 0, 0, 0, 26, 0, 0, 0, 0, 0, 0, 0, 5, 31
c:\laragon\www\cms\resources\views\admin\posts\edit.blade.php, PHP, 0, 0, 0, 0, 47, 0, 0, 0, 0, 0, 0, 0, 14, 61
c:\laragon\www\cms\resources\views\admin\posts\index.blade.php, PHP, 0, 0, 0, 0, 24, 0, 0, 0, 0, 0, 0, 0, 5, 29
c:\laragon\www\cms\resources\views\admin\roles\create.blade.php, PHP, 0, 0, 0, 0, 33, 0, 0, 0, 0, 0, 0, 0, 10, 43
c:\laragon\www\cms\resources\views\admin\roles\delete.blade.php, PHP, 0, 0, 0, 0, 31, 0, 0, 0, 0, 0, 0, 0, 6, 37
c:\laragon\www\cms\resources\views\admin\roles\edit.blade.php, PHP, 0, 0, 0, 0, 29, 0, 0, 0, 0, 0, 0, 0, 13, 42
c:\laragon\www\cms\resources\views\admin\roles\index.blade.php, PHP, 0, 0, 0, 0, 22, 0, 0, 0, 0, 0, 0, 0, 5, 27
c:\laragon\www\cms\resources\views\admin\users\create.blade.php, PHP, 0, 0, 0, 0, 29, 0, 0, 0, 0, 0, 0, 0, 12, 41
c:\laragon\www\cms\resources\views\admin\users\delete.blade.php, PHP, 0, 0, 0, 0, 37, 0, 0, 0, 0, 0, 0, 0, 9, 46
c:\laragon\www\cms\resources\views\admin\users\disable.blade.php, PHP, 0, 0, 0, 0, 45, 0, 0, 0, 0, 0, 0, 0, 11, 56
c:\laragon\www\cms\resources\views\admin\users\edit.blade.php, PHP, 0, 0, 0, 0, 44, 0, 0, 0, 0, 0, 0, 0, 14, 58
c:\laragon\www\cms\resources\views\admin\users\index.blade.php, PHP, 0, 0, 0, 0, 30, 0, 0, 0, 0, 0, 0, 0, 12, 42
c:\laragon\www\cms\resources\views\auth\login.blade.php, PHP, 0, 0, 0, 0, 61, 0, 0, 0, 0, 0, 0, 0, 13, 74
c:\laragon\www\cms\resources\views\auth\passwords\confirm.blade.php, PHP, 0, 0, 0, 0, 41, 0, 0, 0, 0, 0, 0, 0, 9, 50
c:\laragon\www\cms\resources\views\auth\passwords\email.blade.php, PHP, 0, 0, 0, 0, 40, 0, 0, 0, 0, 0, 0, 0, 8, 48
c:\laragon\www\cms\resources\views\auth\passwords\reset.blade.php, PHP, 0, 0, 0, 0, 53, 0, 0, 0, 0, 0, 0, 0, 13, 66
c:\laragon\www\cms\resources\views\auth\register.blade.php, PHP, 0, 0, 0, 0, 63, 0, 0, 0, 0, 0, 0, 0, 15, 78
c:\laragon\www\cms\resources\views\auth\verify.blade.php, PHP, 0, 0, 0, 0, 25, 0, 0, 0, 0, 0, 0, 0, 4, 29
c:\laragon\www\cms\resources\views\home.blade.php, PHP, 0, 0, 0, 0, 20, 0, 0, 0, 0, 0, 0, 0, 4, 24
c:\laragon\www\cms\resources\views\layouts\admin.blade.php, PHP, 0, 0, 0, 0, 46, 0, 0, 0, 0, 0, 0, 0, 12, 58
c:\laragon\www\cms\resources\views\layouts\admin\containers\columns-6-6.blade.php, PHP, 0, 0, 0, 0, 19, 0, 0, 0, 0, 0, 0, 0, 3, 22
c:\laragon\www\cms\resources\views\layouts\admin\containers\columns-8-4.blade.php, PHP, 0, 0, 0, 0, 19, 0, 0, 0, 0, 0, 0, 0, 2, 21
c:\laragon\www\cms\resources\views\layouts\admin\containers\full-width.blade.php, PHP, 0, 0, 0, 0, 6, 0, 0, 0, 0, 0, 0, 0, 1, 7
c:\laragon\www\cms\resources\views\layouts\app.blade.php, PHP, 0, 0, 0, 0, 69, 0, 0, 0, 0, 0, 0, 0, 12, 81
c:\laragon\www\cms\resources\views\partials\form-fields.blade.php, PHP, 0, 0, 0, 0, 43, 0, 0, 0, 0, 0, 0, 0, 14, 57
c:\laragon\www\cms\resources\views\vendor\laravel-filemanager\crop.blade.php, PHP, 0, 0, 0, 0, 99, 0, 0, 0, 0, 0, 0, 1, 5, 105
c:\laragon\www\cms\resources\views\vendor\laravel-filemanager\demo.blade.php, PHP, 0, 0, 0, 0, 183, 0, 0, 0, 0, 0, 0, 9, 22, 214
c:\laragon\www\cms\resources\views\vendor\laravel-filemanager\index.blade.php, PHP, 0, 0, 0, 0, 262, 0, 0, 0, 0, 0, 0, 12, 18, 292
c:\laragon\www\cms\resources\views\vendor\laravel-filemanager\move.blade.php, PHP, 0, 0, 0, 0, 39, 0, 0, 0, 0, 0, 0, 0, 2, 41
c:\laragon\www\cms\resources\views\vendor\laravel-filemanager\resize.blade.php, PHP, 0, 0, 0, 0, 112, 0, 0, 0, 0, 0, 0, 0, 12, 124
c:\laragon\www\cms\resources\views\vendor\laravel-filemanager\tree.blade.php, PHP, 0, 0, 0, 0, 32, 0, 0, 0, 0, 0, 0, 0, 3, 35
c:\laragon\www\cms\resources\views\vendor\laravel-filemanager\use.blade.php, PHP, 0, 0, 0, 0, 13, 0, 0, 0, 0, 0, 0, 0, 4, 17
c:\laragon\www\cms\resources\views\vendor\wmenu\menu-html.blade.php, PHP, 0, 0, 0, 0, 211, 0, 0, 0, 0, 0, 0, 0, 36, 247
c:\laragon\www\cms\resources\views\vendor\wmenu\scripts.blade.php, PHP, 0, 0, 0, 0, 31, 0, 0, 0, 0, 0, 0, 0, 1, 32
c:\laragon\www\cms\resources\views\welcome.blade.php, PHP, 0, 0, 0, 0, 86, 0, 0, 0, 0, 0, 0, 0, 15, 101
c:\laragon\www\cms\resources\views\widgets\admin\recent_logs.blade.php, PHP, 0, 0, 0, 0, 4, 0, 0, 0, 0, 0, 0, 0, 1, 5
c:\laragon\www\cms\resources\views\widgets\admin\recent_posts.blade.php, PHP, 0, 0, 0, 0, 11, 0, 0, 0, 0, 0, 0, 0, 1, 12
c:\laragon\www\cms\resources\views\widgets\admin\recently_logged_in.blade.php, PHP, 0, 0, 0, 0, 10, 0, 0, 0, 0, 0, 0, 0, 1, 11
c:\laragon\www\cms\routes\api.php, PHP, 0, 0, 0, 0, 10, 0, 0, 0, 0, 0, 0, 4, 6, 20
c:\laragon\www\cms\routes\api\auth.php, PHP, 0, 0, 0, 0, 7, 0, 0, 0, 0, 0, 0, 2, 1, 10
c:\laragon\www\cms\routes\api\menus.php, PHP, 0, 0, 0, 0, 9, 0, 0, 0, 0, 0, 0, 1, 1, 11
c:\laragon\www\cms\routes\api\pageCategories.php, PHP, 0, 0, 0, 0, 11, 0, 0, 0, 0, 0, 0, 1, 3, 15
c:\laragon\www\cms\routes\api\pages.php, PHP, 0, 0, 0, 0, 9, 0, 0, 0, 0, 0, 0, 2, 1, 12
c:\laragon\www\cms\routes\api\postCategories.php, PHP, 0, 0, 0, 0, 11, 0, 0, 0, 0, 0, 0, 1, 4, 16
c:\laragon\www\cms\routes\api\posts.php, PHP, 0, 0, 0, 0, 9, 0, 0, 0, 0, 0, 0, 2, 1, 12
c:\laragon\www\cms\routes\api\roles.php, PHP, 0, 0, 0, 0, 9, 0, 0, 0, 0, 0, 0, 2, 1, 12
c:\laragon\www\cms\routes\api\users.php, PHP, 0, 0, 0, 0, 9, 0, 0, 0, 0, 0, 0, 2, 1, 12
c:\laragon\www\cms\routes\channels.php, PHP, 0, 0, 0, 0, 4, 0, 0, 0, 0, 0, 0, 10, 3, 17
c:\laragon\www\cms\routes\console.php, PHP, 0, 0, 0, 0, 5, 0, 0, 0, 0, 0, 0, 10, 4, 19
c:\laragon\www\cms\routes\web.php, PHP, 0, 0, 0, 0, 26, 0, 0, 0, 0, 0, 0, 6, 15, 47
c:\laragon\www\cms\routes\web\admin\pages.php, PHP, 0, 0, 0, 0, 10, 0, 0, 0, 0, 0, 0, 1, 1, 12
c:\laragon\www\cms\routes\web\admin\posts.php, PHP, 0, 0, 0, 0, 10, 0, 0, 0, 0, 0, 0, 1, 1, 12
c:\laragon\www\cms\routes\web\admin\settings.php, PHP, 0, 0, 0, 0, 5, 0, 0, 0, 0, 0, 0, 1, 2, 8
c:\laragon\www\cms\routes\web\admin\users.php, PHP, 0, 0, 0, 0, 13, 0, 0, 0, 0, 0, 0, 1, 1, 15
c:\laragon\www\cms\routes\web\admin\vendor\filemanager.php, PHP, 0, 0, 0, 0, 8, 0, 0, 0, 0, 0, 0, 1, 1, 10
c:\laragon\www\cms\server.php, PHP, 0, 0, 0, 0, 8, 0, 0, 0, 0, 0, 0, 9, 5, 22
c:\laragon\www\cms\storage\app\public\photos\1\Posts\about-me-goals.svg, SVG, 0, 0, 0, 0, 0, 0, 0, 0, 0, 615, 0, 1, 14, 630
c:\laragon\www\cms\tests\CreatesApplication.php, PHP, 0, 0, 0, 0, 12, 0, 0, 0, 0, 0, 0, 5, 6, 23
c:\laragon\www\cms\tests\Feature\ExampleTest.php, PHP, 0, 0, 0, 0, 12, 0, 0, 0, 0, 0, 0, 5, 5, 22
c:\laragon\www\cms\tests\TestCase.php, PHP, 0, 0, 0, 0, 7, 0, 0, 0, 0, 0, 0, 0, 4, 11
c:\laragon\www\cms\tests\Unit\ExampleTest.php, PHP, 0, 0, 0, 0, 10, 0, 0, 0, 0, 0, 0, 5, 4, 19
c:\laragon\www\cms\vendor\facade\ignition\resources\compiled\ignition.js, JavaScript, 0, 0, 0, 0, 0, 16, 0, 0, 0, 0, 0, 16, 0, 32
c:\laragon\www\cms\vendor\facade\ignition\resources\compiled\index.html, HTML, 0, 0, 0, 0, 0, 0, 0, 0, 0, 0, 12, 0, 1, 13
c:\laragon\www\cms\vendor\sebastian\diff\tests\fixtures\out\.editorconfig, Properties, 0, 0, 1, 0, 0, 0, 0, 0, 0, 0, 0, 0, 1, 2
c:\laragon\www\cms\webpack.mix.js, JavaScript, 0, 0, 0, 0, 0, 7, 0, 0, 0, 0, 0, 0, 3, 10
Total, -, 26799, 13, 18, 36, 18109, 27161, 88, 13125, 153, 1455, 12, 31393, 13027, 131389